{
  "model": {
    "type": "minecraft:select",
    "cases": [
      {
        "model": {
          "type": "minecraft:model",
          "model": "minecraft:item/iron_chestplate_quartz_trim"
        },
        "when": "minecraft:quartz"
      },
      {
        "model": {
          "type": "minecraft:model",
          "model": "minecraft:item/iron_chestplate_iron_trim"
        },
        "when": "minecraft:iron"
      },
      {
        "model": {
          "type": "minecraft:model",
          "model": "minecraft:item/iron_chestplate_netherite_trim"
        },
        "when": "minecraft:netherite"
      },
      {
        "model": {
          "type": "minecraft:model",
          "model": "minecraft:item/iron_chestplate_redstone_trim"
        },
        "when": "minecraft:redstone"
      },
      {
        "model": {
          "type": "minecraft:model",
          "model": "minecraft:item/iron_chestplate_copper_trim"
        },
        "when": "minecraft:copper"
      },
      {
        "model": {
          "type": "minecraft:model",
          "model": "minecraft:item/iron_chestplate_gold_trim"
        },
        "when": "minecraft:gold"
      },
      {
        "model": {
          "type": "minecraft:model",
          "model": "minecraft:item/iron_chestplate_emerald_trim"
        },
        "when": "minecraft:emerald"
      },
      {
        "model": {
          "type": "minecraft:model",
          "model": "minecraft:item/iron_chestplate_diamond_trim"
        },
        "when": "minecraft:diamond"
      },
      {
        "model": {
          "type": "minecraft:model",
          "model": "minecraft:item/iron_chestplate_lapis_trim"
        },
        "when": "minecraft:lapis"
      },
      {
        "model": {
          "type": "minecraft:model",
          "model": "minecraft:item/iron_chestplate_amethyst_trim"
        },
        "when": "minecraft:amethyst"
      },
      {
        "model": {
          "type": "minecraft:model",
          "model": "minecraft:item/iron_chestplate_resin_trim"
        },
        "when": "minecraft:resin"
      },
      {
        "model": {
          "type": "minecraft:model",
          "model": "colorful_trims:item/iron_chestplate_red_trim"
        },
        "when": "colorful_trims:red"
      },
      {
        "model": {
          "type": "minecraft:model",
          "model": "colorful_trims:item/iron_chestplate_orange_trim"
        },
        "when": "colorful_trims:orange"
      },
      {
        "model": {
          "type": "minecraft:model",
          "model": "colorful_trims:item/iron_chestplate_yellow_trim"
        },
        "when": "colorful_trims:yellow"
      },
      {
        "model": {
          "type": "minecraft:model",
          "model": "colorful_trims:item/iron_chestplate_lime_trim"
        },
        "when": "colorful_trims:lime"
      },
      {
        "model": {
          "type": "minecraft:model",
          "model": "colorful_trims:item/iron_chestplate_green_trim"
        },
        "when": "colorful_trims:green"
      },
      {
        "model": {
          "type": "minecraft:model",
          "model": "colorful_trims:item/iron_chestplate_cyan_trim"
        },
        "when": "colorful_trims:cyan"
      },
      {
        "model": {
          "type": "minecraft:model",
          "model": "colorful_trims:item/iron_chestplate_light_blue_trim"
        },
        "when": "colorful_trims:light_blue"
      },
      {
        "model": {
          "type": "minecraft:model",
          "model": "colorful_trims:item/iron_chestplate_blue_trim"
        },
        "when": "colorful_trims:blue"
      },
      {
        "model": {
          "type": "minecraft:model",
          "model": "colorful_trims:item/iron_chestplate_purple_trim"
        },
        "when": "colorful_trims:purple"
      },
      {
        "model": {
          "type": "minecraft:model",
          "model": "colorful_trims:item/iron_chestplate_magenta_trim"
        },
        "when": "colorful_trims:magenta"
      },
      {
        "model": {
          "type": "minecraft:model",
          "model": "colorful_trims:item/iron_chestplate_pink_trim"
        },
        "when": "colorful_trims:pink"
      },
      {
        "model": {
          "type": "minecraft:model",
          "model": "colorful_trims:item/iron_chestplate_white_trim"
        },
        "when": "colorful_trims:white"
      },
      {
        "model": {
          "type": "minecraft:model",
          "model": "colorful_trims:item/iron_chestplate_light_gray_trim"
        },
        "when": "colorful_trims:light_gray"
      },
      {
        "model": {
          "type": "minecraft:model",
          "model": "colorful_trims:item/iron_chestplate_gray_trim"
        },
        "when": "colorful_trims:gray"
      },
      {
        "model": {
          "type": "minecraft:model",
          "model": "colorful_trims:item/iron_chestplate_black_trim"
        },
        "when": "colorful_trims:black"
      },
      {
        "model": {
          "type": "minecraft:model",
          "model": "colorful_trims:item/iron_chestplate_brown_trim"
        },
        "when": "colorful_trims:brown"
      }
    ],
    "fallback": {
      "type": "minecraft:model",
      "model": "minecraft:item/iron_chestplate"
    },
    "property": "minecraft:trim_material"
  }
}