{
  "model": {
    "type": "minecraft:select",
    "cases": [
      {
        "model": {
          "type": "minecraft:model",
          "model": "minecraft:item/netherite_boots_quartz_trim"
        },
        "when": "minecraft:quartz"
      },
      {
        "model": {
          "type": "minecraft:model",
          "model": "minecraft:item/netherite_boots_iron_trim"
        },
        "when": "minecraft:iron"
      },
      {
        "model": {
          "type": "minecraft:model",
          "model": "minecraft:item/netherite_boots_netherite_trim"
        },
        "when": "minecraft:netherite"
      },
      {
        "model": {
          "type": "minecraft:model",
          "model": "minecraft:item/netherite_boots_redstone_trim"
        },
        "when": "minecraft:redstone"
      },
      {
        "model": {
          "type": "minecraft:model",
          "model": "minecraft:item/netherite_boots_copper_trim"
        },
        "when": "minecraft:copper"
      },
      {
        "model": {
          "type": "minecraft:model",
          "model": "minecraft:item/netherite_boots_gold_trim"
        },
        "when": "minecraft:gold"
      },
      {
        "model": {
          "type": "minecraft:model",
          "model": "minecraft:item/netherite_boots_emerald_trim"
        },
        "when": "minecraft:emerald"
      },
      {
        "model": {
          "type": "minecraft:model",
          "model": "minecraft:item/netherite_boots_diamond_trim"
        },
        "when": "minecraft:diamond"
      },
      {
        "model": {
          "type": "minecraft:model",
          "model": "minecraft:item/netherite_boots_lapis_trim"
        },
        "when": "minecraft:lapis"
      },
      {
        "model": {
          "type": "minecraft:model",
          "model": "minecraft:item/netherite_boots_amethyst_trim"
        },
        "when": "minecraft:amethyst"
      },
      {
        "model": {
          "type": "minecraft:model",
          "model": "minecraft:item/netherite_boots_resin_trim"
        },
        "when": "minecraft:resin"
      },
      {
        "model": {
          "type": "minecraft:model",
          "model": "colorful_trims:item/netherite_boots_red_trim"
        },
        "when": "colorful_trims:red"
      },
      {
        "model": {
          "type": "minecraft:model",
          "model": "colorful_trims:item/netherite_boots_orange_trim"
        },
        "when": "colorful_trims:orange"
      },
      {
        "model": {
          "type": "minecraft:model",
          "model": "colorful_trims:item/netherite_boots_yellow_trim"
        },
        "when": "colorful_trims:yellow"
      },
      {
        "model": {
          "type": "minecraft:model",
          "model": "colorful_trims:item/netherite_boots_lime_trim"
        },
        "when": "colorful_trims:lime"
      },
      {
        "model": {
          "type": "minecraft:model",
          "model": "colorful_trims:item/netherite_boots_green_trim"
        },
        "when": "colorful_trims:green"
      },
      {
        "model": {
          "type": "minecraft:model",
          "model": "colorful_trims:item/netherite_boots_cyan_trim"
        },
        "when": "colorful_trims:cyan"
      },
      {
        "model": {
          "type": "minecraft:model",
          "model": "colorful_trims:item/netherite_boots_light_blue_trim"
        },
        "when": "colorful_trims:light_blue"
      },
      {
        "model": {
          "type": "minecraft:model",
          "model": "colorful_trims:item/netherite_boots_blue_trim"
        },
        "when": "colorful_trims:blue"
      },
      {
        "model": {
          "type": "minecraft:model",
          "model": "colorful_trims:item/netherite_boots_purple_trim"
        },
        "when": "colorful_trims:purple"
      },
      {
        "model": {
          "type": "minecraft:model",
          "model": "colorful_trims:item/netherite_boots_magenta_trim"
        },
        "when": "colorful_trims:magenta"
      },
      {
        "model": {
          "type": "minecraft:model",
          "model": "colorful_trims:item/netherite_boots_pink_trim"
        },
        "when": "colorful_trims:pink"
      },
      {
        "model": {
          "type": "minecraft:model",
          "model": "colorful_trims:item/netherite_boots_white_trim"
        },
        "when": "colorful_trims:white"
      },
      {
        "model": {
          "type": "minecraft:model",
          "model": "colorful_trims:item/netherite_boots_light_gray_trim"
        },
        "when": "colorful_trims:light_gray"
      },
      {
        "model": {
          "type": "minecraft:model",
          "model": "colorful_trims:item/netherite_boots_gray_trim"
        },
        "when": "colorful_trims:gray"
      },
      {
        "model": {
          "type": "minecraft:model",
          "model": "colorful_trims:item/netherite_boots_black_trim"
        },
        "when": "colorful_trims:black"
      },
      {
        "model": {
          "type": "minecraft:model",
          "model": "colorful_trims:item/netherite_boots_brown_trim"
        },
        "when": "colorful_trims:brown"
      }
    ],
    "fallback": {
      "type": "minecraft:model",
      "model": "minecraft:item/netherite_boots"
    },
    "property": "minecraft:trim_material"
  }
}